{
    "acc": 0.022665126597909695,
    "comp": 0.03113160306121774
}