{"acc": 0.01917671819087046, "comp": 0.02624166329472654}